{
	"events": [
		[
			0,
			[
				[
					"Add Camera Zoom",
					"0.03",
					"0.03"
				]
			]
		],
		[
			2666.66666666667,
			[
				[
					"Add Camera Zoom",
					"0.03",
					"0.03"
				]
			]
		],
		[
			5333.33333333333,
			[
				[
					"Add Camera Zoom",
					"0.03",
					"0.03"
				]
			]
		],
		[
			8000,
			[
				[
					"Add Camera Zoom",
					"0.03",
					"0.03"
				]
			]
		],
		[
			21333.3333333333,
			[
				[
					"Set Cam Zoom",
					"0.44",
					"1"
				],
				[
					"Flash",
					"",
					""
				]
			]
		],
		[
			74666.6666666667,
			[
				[
					"Toggle Trail",
					"FFBF00",
					""
				]
			]
		],
		[
			80000,
			[
				[
					"Toggle Trail",
					"",
					"31B0D1"
				]
			]
		],
		[
			85333.3333333333,
			[
				[
					"Toggle Trail",
					"",
					""
				]
			]
		],
		[
			125333.333333333,
			[
				[
					"Toggle Trail",
					"FFBF00",
					""
				]
			]
		],
		[
			133333.333333333,
			[
				[
					"Toggle Trail",
					"",
					"31B0D1"
				]
			]
		],
		[
			138666.666666667,
			[
				[
					"Toggle Trail",
					"FFBF00",
					""
				]
			]
		],
		[
			139666.666666667,
			[
				[
					"Toggle Trail",
					"FFBF00",
					"31B0D1"
				]
			]
		],
		[
			149333.333333333,
			[
				[
					"Toggle Trail",
					"",
					""
				]
			]
		]
	],
	"song": {
		"events": [
			[
				0,
				[
					[
						"Add Camera Zoom",
						"0.03",
						"0.03"
					]
				]
			],
			[
				2666.66666666667,
				[
					[
						"Add Camera Zoom",
						"0.03",
						"0.03"
					]
				]
			],
			[
				5333.33333333333,
				[
					[
						"Add Camera Zoom",
						"0.03",
						"0.03"
					]
				]
			],
			[
				8000,
				[
					[
						"Add Camera Zoom",
						"0.03",
						"0.03"
					]
				]
			],
			[
				21333.3333333333,
				[
					[
						"Set Cam Zoom",
						"0.44",
						"1"
					],
					[
						"Flash",
						"",
						""
					]
				]
			],
			[
				74666.6666666667,
				[
					[
						"Toggle Trail",
						"FFBF00",
						""
					]
				]
			],
			[
				80000,
				[
					[
						"Toggle Trail",
						"",
						"31B0D1"
					]
				]
			],
			[
				85333.3333333333,
				[
					[
						"Toggle Trail",
						"",
						""
					]
				]
			],
			[
				125333.333333333,
				[
					[
						"Toggle Trail",
						"FFBF00",
						""
					]
				]
			],
			[
				133333.333333333,
				[
					[
						"Toggle Trail",
						"",
						"31B0D1"
					]
				]
			],
			[
				138666.666666667,
				[
					[
						"Toggle Trail",
						"FFBF00",
						""
					]
				]
			],
			[
				139666.666666667,
				[
					[
						"Toggle Trail",
						"FFBF00",
						"31B0D1"
					]
				]
			],
			[
				149333.333333333,
				[
					[
						"Toggle Trail",
						"",
						""
					]
				]
			]
		]
	}
}